RUS,ENG,ARAB,ESP,FRA,GER
ЕВРОПА,EUROPE,أوروبا,EUROPA,EUROPE,EUROPA
Австрия,Austria,النمسا,Austria,Autriche,Österreich
Австро-Венгрия,Austria-Hungary,النمسا-هنغاريا,Austria-Hungría,Autriche-Hongrie,Österreich-Ungarn
Албания,Albania,ألبانيا,Albania,Albanie,Albanien
Андорра,Andorra,أندورا,Andorra,Andorre,Andorra
Белоруссия,Belarus,بيلاروس,Bielorrusia,Biélorussie,Weißrussland
Бельгия,Belgium,بلجيكا,Bélgica,Belgique,Belgien
Болгария,Bulgaria,بلغاريا,Bulgaria,Bulgarie,Bulgarien
Босния и Герцеговина,Bosnia and Herzegovina,البوسنة والهرسك,Bosnia-Herzegovina,Bosnie-Herzégovine,Bosnien und Herzegowina
Кондоминиум Босния и Герцеговина,Condominium of Bosnia and Herzegovina,البوسنة والهرسك,Condominio de Bosnia y Herzegovina,Condominium de Bosnie-Herzégovine,
Новопазарский Санджак,Sanjak of Novi Pazar,إقليم السنجق,Sanjacado de Novi Pazar,Sandjak de Novipazar,Sandschak Novi Pazar
Ватикан,Holy See,الفاتيكان,Ciudad del Vaticano,Vatican,Vatikanstadt
Великобритания,United Kingdom,بريطانيا,Reino Unido,Royaume-Uni,Vereinigtes Königreich
Венгрия,Hungary,هنغاريا,Hungría,Hongrie,Ungarn
Германия,Germany,ألمانيا,Alemania,Allemagne,Deutschland
Федеративная Республика Германия (ФРГ),Federal Republic of Germany (West Germany),ألمانيا الغربية,República Federal de Alemania (RFA),République fédérale d'Allemagne,Bundesrepublik Deutschland (BRD)
Западный Берлин,West Berlin,برلين الغربية,Berlín Occidental,Berlin-Ouest,West-Berlin
Американский сектор,American Sector,القطاع الأمريكي,Sector estadounidense,Secteur américain,Amerikanischen Sektor
Американская зона оккупации Германии,American occupation zone,منطقة الاحتلال الأمريكية,Zona de ocupación estadounidense,Zone d'occupation américaine,Amerikanische Besatzungszone
Британский сектор,British Sector,القطاع البريطاني,Sector británico,Secteur britannique,Britische Sektor
Британская зона оккупации Германии,British occupation zone,منطقة الاحتلال البريطاني,Zona de ocupación británica,Zone d'occupation britannique,Britische Besatzungszone
Французский сектор,French Sector,القطاع الفرنسي,Sector francés,Secteur français,Französische Sektor
Французская зона оккупации Германии,French occupation zone,منطقة الاحتلال الفرنسية,Zona de ocupación francesa,Zone d'occupation française,Französische Besatzungszone
Советский сектор,Soviet Sector,القطاع السوفيتي,Sector soviético,Secteur soviétique,Sowjetische Sektor
Советская зона оккупации Германии,Soviet occupation zone,منطقة الاحتلال السوفيتي,Zona de ocupación soviética,Zone d'occupation soviétique,Sowjetische Besatzungszone
Вольный город Данциг,Danzig (Free City),مدينة دانزيغ الحرة,Ciudad libre de Danzig,Ville libre de Dantzig,Freie Stadt Danzig
Мемельский край,Memel Territory,ميمللاند,Territorio de Memel,Territoire de Memel,Memelland
Протекторат Богемии и Моравии,Protectorate of Bohemia and Moravia,محمية بوهيميا ومورافيا,Protectorado de Bohemia y Moravia,Protectorat de Bohême-Moravie,Protektorat Böhmen und Mähren
Германская Демократическая республика (ГДР),German Democratic Republic (East Germany),ألمانيا الشرقية,República Democrática Alemana (RDA),République démocratique allemande (RDA)(Allemagne de l'Est),Deutsche Demokratische Republik (DDR)
Восточный Берлин,East Berlin,برلين الشرقية,Berlín Oriental,Berlin-Est,Ost-Berlin
Берлинская стена,Brerlin Wall,جدار برلين,Muro de Berlín,Mur de Berlin,Berlin Mauer
Греция,Greece,اليونان,Grecia,Grèce,Griechenland
Итальянские острова Эгейского моря,Italian Aegean Islands,جزر إيجه الإيطالية,Islas italianas del mar Egeo,Îles italiennes de l'Égée,Italienische Ägäis-Inseln
Дания,Denmark,الدنمارك,Dinamarca,Danemark,Dänemark
Ирландия,Ireland,إيرلندا,Irlanda,Irlande,Irland
Исландия,Iceland,أيسلندا,Islandia,Islande,Island
Испания,Spain,إسبانيا,España,Espagne,Spanien
Италия,Italy,إيطاليا,Italia,Italie,Italien
Свободная территория Триест,Trieste (Free Territory),إقليم ترييستي المستقل,Territorio libre de Trieste,Territoire libre de Trieste,Freie Territorium Triest
Кипр,Cyprus,قبرص,Chipre,Chypre,Zypern
Латвия,Latvia,لاتفيا,Letonia,Lettonie,Lettland
Литва,Lithuania,ليتوانيا,Lituania,Lituanie,Litauen
Лихтенштейн,Liechtenstein,ليختنشتاين,Liechtenstein,Liechtenstein,Liechtenstein
Люксембург,Luxembourg,لوكسمبورغ,Luxemburgo,Luxembourg,Luxemburg
Мальта,Malta,مالطا,Malta,Malte,Malta
Северная Македония,North Macedonia,مقدونيا الشمالية,Macedonia del Norte,Macédoine du Nord,Nord-Mazedonien
Молдавия,Moldova,مولدافيا,Moldavia,Moldavie,Moldawien
Монако,Monaco,موناكو,Mónaco,Monaco,Monaco
Нидерланды,Netherlands,هولندا,Países Bajos,Pays-Bas,Niederlande
Норвегия,Norway,النرويج,Noruega,Norvège,Norwegen
Польша,Poland,بولندا,Polonia,Pologne,Polen
Генерал-Губернаторство,General Government,الحكومة العامة,Gobierno General,Gouvernement général,Generalgouvernement
Португалия,Portugal,البرتغال,Portugal,Portugal,Portugal
Россия,Russia,روسيا,Rusia,Russie,Russland
СССР,Soviet Union (USSR),الاتحاد السوفييتي,Unión Soviética (URSS),Union soviétique (URSS),Sowjetunion (UdSSR)
Российская империя,Russian Empire,الإمبراطورية الروسية,Imperio ruso,Empire de Russie,Russisches Kaiserreich
Румыния,Romania,رومانيا,Rumanía,Roumanie,Rumänien
Сан-Марино,San Marino,سان مارينو,San Marino,Saint-Marin,San Marino
Сербия,Serbia,صربيا,Serbia,Serbie,Serbien
Югославия,Yugoslavia,يوغوسلافيا,Yugoslavia,Yougoslavie,Jugoslawien
Словакия,Slovakia,سلوفاكيا,Eslovaquia,Slovaquie,Slowakei
Словения,Slovenia,سلوفينيا,Eslovenia,Slovénie,Slowenien
Украина,Ukraine,أوكرانيا,Ucrania,Ukraine,Ukraine
Финляндия,Finland,فنلندا,Finlandia,Finlande,Finnland
Франция,France,فرنسا,Francia,France,Frankreich
Режим Виши,Vichy France,فرنسا الفيشية,Francia de Vichy,Régime de Vichy,Vichy-Regime
Хорватия,Croatia,كرواتيا,Croacia,Croatie,Kroatien
Черногория,Montenegro,الجبل الأسود,Montenegro,Monténégro,Montenegro
Чехия,Czechia,التشيك,República Checa,République tchèque,Tschechien
Чехословакия,Czechoslovakia,تشيكوسلوفاكيا,Checoslovaquia,Tchécoslovaquie,Tschechoslowakei
Швейцария,Switzerland,سويسرا,Suiza,Suisse,Schweiz
Швеция,Sweden,السويد,Suecia,Suède,Schweden
Шведско-норвежская уния,Sweden and Norway United Kingdoms,الاتحاد بين السويد والنرويج,Unión entre Suecia y Noruega,Royaumes unis de Suède et de Norvège,Union Schweden und Norwegen
Эстония,Estonia,إستونيا,Estonia,Estonie,Estland
Автономные и зависимые территории,,,,,
Мадейра (Португалия),Madeira (Portugal),جزر ماديرا (البرتغال),Madeira (Portugal),Madère (Portugal),Madeira (Portugal)
Канарские острова (Испания),Canary Islands (Spain),منطقة جزر الكناري ذاتية الحكم (إسبانيا),Islas Canarias (España),Îles Canaries (Espagne),Kanarische Inseln (Spanien)
,,,,,
Северная Ирландия (Великобритания),Northern Ireland (UK),إيرلندا الشمالية (بريطانيا),Irlanda del Norte (Reino Unido),Irlande du Nord (R.U.),Nordirland (GB)
Азорские острова (Португалия),Azores (Portugal),الازور (البرتغال),Azores (Portugal),Açores (Portugal) --- * Azores (Portugal),Azoren (Portugal)
Гибралтар (Вел.),Gibraltar (UK),جبل طارق (بريطانيا),Gibraltar (Reino Unido),Gibraltar (R.U.),Gibraltar (GB)
Фарерские острова (Ден.),Faroe Islands (Denmark),جزر فارو (الدنمارك),Islas Feroe (Dinamarca),Îles Féroé (Danemark),Färöer (Dänemark)
Шпицберген (Нор.),Spitsbergen archipelago (Norway),سبتسبرجن (النرويج),archipiélago de Spitsbergen (Noruega),Archipel du Spitzberg (Norvège),Spitzbergen (Norwegen)
Ограниченно признанные и непризнанные государства,Svalbard (Norway),سفالبارد (النرويج),Svalbard (Noruega),Svalbard (Norvège),
Косово,Kosovo,إقليم كوسوفو,Kosovo,Kosovo,Kosovo
Приднестровье,Transdniester,ترانسنيستيا,Transnistria,Transnistrie,Transnistrien
Северный Кипр,Northern Cyprus,قبرص الشمالية,Norte de Chipre,Chypre du Nord,Nordzypern
Организации,,,,,
ЕС (Европейский Союз),European Union,الاتحاد الأوروبي,UE (Unión Europea),Union européenne,Europäische Union
НАТО (Организация Североатлантического Договора),North Atlantic Treaty Organization (NATO),حلف شمال الأطلسي أو حلف الناتو,OTAN (Organización del Tratado del Atlántico Norte),Organisation du traité de l'Atlantique Nord (OTAN),NATO (Nordatlantikpakt)
,,الناتو,,,
Содружество Независимых Государств (СНГ),Commonwealth of Independent States,رابطة الدول المستقلة,CEI (Comunidad de Estados Independientes),(CEI) Communauté des Etats indépendants,GUS (Gemeinschaft Unabhängiger Staaten)
ОБСЕ (Организация по безопасности и Сотрудничеству в Европе),Organization for Security and Co-operation in Europe (OSCE),,Organización para la Seguridad y la Cooperación en Europa (OSCE),Organisation pour la sécurité et la coopération en Europe (OSCE),OSZE (Organisation für Sicherheit und Zusammenarbeit in Europa)
ГУАМ,GUAM Organization for Democracy and Economic Development,غوام: منظمة التعاون الإقليمية,GUAM (Organización para la democracia y el desarrollo económico),GUAM (Organisation pour la démocratie et le développement économique),GUAM (Organisation für Demokratie und Wirtschaftsentwicklung)
ЕврАзЭС (Евразийское Экономическое Сообщество),Eurasian Economic Community,,Comunidad Económica Eurasiática,Communauté économique eurasiatique,EAWG (Eurasische Wirtschaftsgemeinschaft)
ОДКБ (Организация Договора о Коллективной Безорасности),Collective Security Treaty Organisation,,Organización del Tratado de la Seguridad Colectiva,(OTSC) Organisation du traité de sécurité collective,OVKS (Organisation des Vertrags über kollektive Sicherheit)
Совет Европы,Council of Europe,مجلس أوروبا,Consejo de Europa,Conseil de l'Europe,Europarat
Организация Объединённых Наций (ООН),,الأمم المتحدة,,,Vereinte Nationen (UNO)
"Страны ""большой восьмёрки""",,مجموعة الدول الثماني الكبرى,,,
Международное агентство по атомной энергии (МАГАТЭ),,الوكالة الدولية للطاقة الذرية,,,
"Организация Объединённых Наций по вопросам образования, науки и культуры (ЮНЕСКО)",,اليونيسكو: المنظمة الدولية للثقافة والعلم والتعليم,,,
Детский фонд ООН (ЮНИСЕФ),,اليونيسف أو منظمة الأمم المتحدة للطفولة,,,
Интерпол,,الانتربول: المنظمة الدولية للشرطة الجنائية,,,
Азиатско-Тихоокеанский парламентский форум (АТПФ),,المنتدى البرلماني لآسيا والمحيط الهادي,,,
Африканский Союз,African Union,الاتحاد الإفريقي,Unión Africana,Union africaine,Afrikanische Union
Лига арабских государств (ЛАГ),Arab League,جامعة الدول العربية,Liga Árabe,Ligue arabe,Arabische Liga
Организация по безопасности и сотрудничеству в Европе (ОБСЭ),,منظمة الأمن والتعاون الأوروبي,,,OSZE (Organisation für Sicherheit und Zusammenarbeit in Europa)
Организация Договора о коллективной безопасности (ОДКБ),,منظمة معاهدة الأمن الجماعي,,,OVKS (Organisation des Vertrags über kollektive Sicherheit)
Организация исламская конференция,,منظمة المؤتمر الإسلامي,,,
Союз арабского Магриба,,اتحاد المغرب العربي,,,
Организация Варшавского договора (ОВД),,حلف وارسو (السابق),,,
Совет сотрудничества арабских государств Персидского залива,Gulf Cooperation Council (GCC),مجلس التعاون للخليج العربي,,,
Южноамериканское сообщество наций (Декларация Куско),The South American Community of Nations (CSN),اتحاد شعوب أمريكا الجنوبية,,,
Шанхайская организация сотрудничества (ШОС),,منظمة شنغهاي للتعاون,Organización de Cooperación de Shanghái (OCS),Organisation de coopération de Shanghai (OCS),SOZ (Shanghaier Organisation für Zusammenarbeit)
Всемирная торговая организация (ВТО),World Trade Organization (WTO),منظمة التجارة العالمية,,,WTO (Welthandelsorganisation)
Ассоциация стран Юго-Восточной Азии (АСЕАН),ASEAN,آسيان: رابطة دول جنوب شرقي آسيا,,,
Европейская ассоциация свободной торговли,EFTA,الاتحاد الأوروبي للتجارة الحرة,,,
Карибское сообщество (КАРИКОМ),Caribbean Community (CARICOM),الاتحاد الاقتصادي التجاري لدول أمريكا الجنوبية,,,
Общий рынок стран Южной Америки (Меркосур),,"السوق المشتركة لدول أمريكا الجنوبية ""ميركوسور""",,,
Североамериканская зона свободной торговли (НАФТА),NAFTA,"منطقة التجارة الحرة لأمريكا الشمالية ""النافتا""",,,
Международная организация по предпринимательству и инвестициям,INOBI,المنظمة الدولية للاستثمارات والأعمال,,,
Организация стран-производителей и экспортёров нефти (ОПЕК),OPEC,أوبك : منظمة الدول المصدرة للنفط,,,
Совет Экономической Взаимопомощи (СЭВ),,المجلس الاقتصادي لتبادل المساعدات,,,
Продовольственная и сельскохозяйственная организация ООН (ФАО),,الفاو منظمة الأمم المتحدة للزراعة والأغذية,,,
МВФ,,صندوق النقد الدولي,,,
Всемирный Банк,,البنك الدولي,,,
Международный Банк Реконструкции и Развития,,البنك الدولي للإعمار والتنمية,,,
Европейский Банк Реконструкции и развития,,البنك للإعمار والتنمية,,,
,,,,,
,,,,,
,,,,,
,,,,,
АЗИЯ,ASIA,آسيا,ASIA,ASIE,ASIEN
Азербайджан,Azerbaijan,أذربيجان,Azerbaiyán,Azerbaïdjan,Aserbaidschan
Армения,Armenia,أرمينيا,Armenia,Arménie,Armenien
Афганистан,Afghanistan,أفغانستان,Afganistán,Afghanistan,Afghanistan
Бангладеш,Bangladesh,بنغلاديش,Bangladés,Bangladesh,Bangladesch
Восточный Пакистан,East Pakistan,باكستان الشرقية,Pakistán Oriental,Pakistan oriental,Ostpakistan
Бахрейн,Bahrain,البحرين,Baréin,Bahreïn,Bahrain
Бруней,Brunei,بروني,Brunéi,Brunei,Brunei
Бутан,Bhutan,بوتان,Bután,Bhoutan,Bhutan
Восточный Тимор,Timor-Leste,تيمور الشرقية,Timor Oriental,Timor oriental,Timor-Leste
Португальский Тимор,Portuguese Timor,تيمور البرتغالية,Timor portugués,Timor portugais,Portugiesisch-Timor
Вьетнам,Vietnam,فييتنام,Vietnam,Vietnam,Vietnam
Демократическая республика Вьетнам,North Vietnam,شمال فيتنام,Vietnam del Norte,Vietman du Nord,Nordvietnam
Южный Вьетнам,South Vietnam,فيتنام الجنوبية,Vietnam del Sur,Vietman du Sud,Südvietnam
Грузия,Georgia,جورجيا,Georgia,Géorgie,Georgien
Израиль,Israel,إسرائيل,Israel,Israël,Israel
Голанские высоты,Golan Heights,,,Plateau du Golan,Golanhöhen
Индия,India,الهند,India,Inde,Indien
Джамму и Кашмир,Jammu and Kashmir,,,Jammu-et-Cachemire,Jammu und Kashmir
Британская Индия,British India,الهند البريطاني,India británico,Inde britannique,Britisch-Indien
Португальская Индия,Portugese India,الهند البرتغالية,India portuguesa,Inde portugaise,Portugiesisch-Indien
Сикким,Sikkim,سيكيم,Sikkim,Sikkim,Sikkim
Индонезия,Indonesia,إندونيسيا,Indonesia,Indonésie,Indonesien
Голландская Ост-Индия,Dutch East Indies (Netherlands East-Indies),الهند الشرقية الهولندية,Indias Orientales Neerlandesas,Indes orientales néerlandaises,Niederländisch-Indien
Иордания,Jordan,الأردن,Jordania,Jordanie,Jordanien
Трансиордания,Transjordan,شرق الأردن,Transjordania,Transjordanie,Transjordanien
Ирак,Iraq,العراق,Irak,Irak,Irak
Месопотамия,Mesopotamia,بلاد ما بين النهرين,Mesopotamia,Mésopotamie,Mesopotamien
Иран,Iran,إيران,Irán,Iran,Iran
Персия,Persia,بلاد فارس,Persia,Perse,Persien
Йемен,Yemen,اليمن,Yemen,Yémen,Jemen
Йеменская Арабская республика (ЙАР),Yemen Arab Republic (North Yemen),الجمهورية العربية اليمنية,República Árabe de Yemen (Yemen del Norte),République arabe du Yémen (Yémen du Nord),Jemenitische Arabische Republik (Nordjemen)
Йеменское Мутаваккилийское Королевство,Yemen Mutawakkilite Kingdom,المملكة ‏المتوكلية اليمنية,Reino Mutawakkilita,Royaume mutawakkilite,Mutawakkilitisches Königreich
Народно-Демократическая республика Йемен (НДРЙ),People's Democratic Republic of Yemen (South Yemen),جمهورية اليمن الديمقراطية الشعبية,República Democrática Popular del Yemen (Yemen del Sur),République démocratique populaire du Yémen (Yémen du Sud),Demokratische Volksrepublik Jemen (Südjemen)
Протекторат Аден,Aden Protectorate,محمية عدن,Protectorado de Adén,Protectorat d'Aden,Aden Protectorates
Колония Аден,Colony of Aden,مستعمرة عدن,Colonia de Adén,Colonie d'Aden,Kolonie Aden
Казахстан,Kazakhstan,كازاخستان,Kazajistán,Kazakhstan,Kasachstan
,,,,,
Камбоджа,Cambodia,كمبوديا,Camboya,Cambodge,Kambodscha
Кампучия,Kampuchea,كمبوتشيا,Kampuchea,Kampuchéa,Kampuchea
Катар,Qatar,قطر,Catar,Qatar,Katar
Киргизия,Kyrgyzstan,قرغيزستان,Kirguistán,Kirghizstan,Kirgisistan
Китай,China,الصين,China,Chine,China
Маньчжоу-Го,Manchukuo (Manchuria),مانشوكو,Manchukuo,Mandchoukouo,Mandschukuo
КНДР,North Korea,كوريا الشمالية,Corea del Norte,Corée du Nord,Nordkorea
Корея (советская зона),Korea (Soviet zone),كوريا (القطاع السوفيتي),Corea (zona soviético),Corée (soviétique zone),Korea (sowjetische zone)
Кувейт,Kuwait,الكويت,Kuwait,Koweït,Kuwait
Лаос,Laos,لاوس,Laos,Laos,Laos
Ливан,Lebanon,لبنان,Líbano,Liban,Libanon
Малайзия,Malaysia,ماليزيا,Malasia,Malaisie,Malaysia
Малайя,Malaya,مالايا,Malaya,Malaya,Malaya
Федерированные малайские государства,Federated Malay States,اتحاد الولايات الملايو,Estados malayos federados,États malais non fédérés,Föderierte malaiische Staaten
Нефедерированные малайские государства,Unfederated Malay States,دول الملايو الأصلية,Estados malayos no federados,États malais non fédérés,Native malaiische Staaten
Стрейтс-Сетлментс,Straits Settlements,مستعمرات المضيق,Colonias del Estrecho,Établissements des détroits,Straßenkolonien
Саравак,Sarawak,سراوق,Sarawak,Sarawak,Sarawak
Северное Борнео,North Borneo,بورنيو شمال,Borneo Septentrional,Bornéo du Nord,Britisch-Nordborneo
,,,,,
Мальдивы,Maldives,جزر المالديف,Maldivas,Maldives,Malediven
Монголия,Mongolia,منغوليا,Mongolia,Mongolie,Mongolei
Тува (Танну-Тува),Tannu Tuva,تانو توفا,Tannu Tuvá,Tannou-Touva,Tannu-Tuwa
Урянхайский Край,Tannu Uryankhay,تانو أوريانخاي,Tannu Uriankhai,Tannu Uriankhai,Tannu Urjanchai
Мьянма,Myanmar,ميانمار,Birmania,Birmanie,Myanmar
Бирма,Burma,بورما,Birmania,Birmanie,Birma
Непал,Nepal,نيبال,Nepal,Népal,Nepal
Оман,Oman,عمان,Omán,Oman,Oman
Оман и Маскат,Muscat and Oman,سلطنة مسقط وعمان,Sultanato de Mascate y Omán,Mascate et Oman,Maskat und Oman
Объединенные Арабские Эмираты (ОАЭ),U.A.E.,الإمارات العربية المتحدة,Emiratos Árabes Unidos,É.A.U.,VAE
,United Arab Emirates,الإمارات,,Émirats arabes unis,Vereinigte Arabische Emirate
Договорный Оман,Trucial Oman,إمارات الساحل المتصالح,Omán de la Tregua,États de la Trêve,Trucial Oman
Пакистан,Pakistan,باكستان,Pakistán,Pakistan,Pakistan
Саудовская Аравия,Saudi Arabia,المملكة العربية السعودية,Arabia Saudí,Arabie saoudite,Saudi-Arabien
Хиджаз,Hejaz,الحجاز,Hiyaz,Hedjaz,Hedschas (Hidschaz)
Неджд,Nejd (Najd),نجد,Néyed (Nejd),Nejd (Nedjed),Nadschd (Nedschd)
Наджран,Najran,نجران,Najrán (Nayrán),Najran,Nadschran
Асир,Asir (Idrisid Emirate),الإمارة الإدريسية,Idrisida del Asir,Émirat idrisside d'Asir,Idrisiden von Asir
Руб-аль-Хали,Empty Quarter,,,,
Британский Мандат в Палестине,British Mandate for Palestine,الانتداب البريطاني على فلسطين,Mandato británico de Palestina,Mandat britannique de Palestine,Britisches Mandat von Palästina
Французский мандат в Сирии и Ливане,French Mandate for Syria and Lebanon,الانتداب الفرنسي على سوريا ولبنان,Mandato francés de Siria y Líbano,Mandat français en Syrie et au Liban,Französisch Mandat für Syrien und Libanon
Государство Хатай,Hatay State,دولة خطاي,Estado de Hatay,État du Hatay,Republik Hatay
Сингапур,Singapore,سنغافورة,Singapur,Singapour,Singapur
Сирия,Syria,سوريا,Siria,Syrie,Syrien
Таджикистан,Tajikistan,طاجيكستان,Tayikistán,Tadjikistan,Tadschikistan
Таиланд,Thailand,تايلاند,Tailandia,Thaïlande,Thailand
Сиам,Siam,سيام,Siam,Siam,Siam
Туркмения,Turkmenistan,تركمانستان,Turkmenistán,Turkménistan,Turkmenistan
Турция,Turkey,تركيا,Turquía,Turquie,Türkei
Османская империя,Ottoman Empire,الدولة العثمانية,Imperio otomano,Empire ottoman,Osmanisches Reich
Узбекистан,Uzbekistan,أوزبكستان,Uzbekistán,Ouzbékistan,Usbekistan
Филиппины,Philippines,الفيليبين,Filipinas,Philippines,Philippinen
Шри-Ланка,Sri Lanka,سريلانكا,Sri Lanka,Sri Lanka,Sri Lanka
Цейлон,Ceylon,سيلان,Ceilán,Ceylan,Ceylon
Французский Индокитай,French Indochina,الهند الصينية الفرنسية,Indochina francesa,Indochine française,Französisch-Indochina
,,,,,
Квантунская область,Kwantung Leased Territory,كوانتونغ,Kwantung territorio,Kwantung (Guandong) territoire,Pachtgebiet Kwantung
Корея (американская зона),Korea (U.S. zone),كوريا (القطاع الأمريكي),Corea (zona estadounidense),Corée (américain zone),Korea (Amerikanischen zone)
Южная Корея,South Korea,كوريا الجنوبية,Corea del Sur,Corée du Sud,Südkorea
Япония,Japan,اليابان,Japón,Japon,Japan
Автономные и зависимые территории,,,,,
Гонконг,Hong Kong,هونج كونج (الصين),Hong Kong,Hong Kong,Hongkong
Макао,Macau,ماكاو (الصين),Macao,Macao,Macau
Ограниченно признанные и непризнанные государства,,,,,
Абхазия,Abkhazia,أبخازيا,Abjasia,Abkhazie,Abchasien
Южная Осетия,South Ossetia,أوسيتيا الجنوبية,Osetia del Sur,Ossétie du Sud,Südossetien
Нагорный Карабах,Nagorno-Karabakh,قره باغ,Nagorno Karabaj,Haut-Karabagh,Bergkarabach
Палестина (Западный берег реки Иордан),West Bank,الضفة الغربية,Cisjordania,Cisjordanie,Westjordanland
Палестина,Palestine,,Palestina,Palestine,Palästina
Палестина (Газа),West Bank and Gaza,غزة,Gaza,Gaza,Gazastreifen
Тайвань,Taiwan,تايوان,Isla de Taiwán,Taïwan,Taiwan
Тибет,Tibet,,Tíbet,Tibet,Tibet
,,,,,
,,,,,
АФРИКА,AFRICA,أفريقيا,ÁFRICA,AFRIQUE,AFRIKA
Алжир,Algeria,الجزائر,Argelia,Algérie,Algerien
Алжирская Сахара,Algerian Sahara,الصحراء الجزائرية,Sahara argelino,Territoires du Sud (Sahara algérien),Algerische Sahara
Ангола,Angola,أنغولا,Angola,Angola,Angola
Португальская Западная Африка,Portuguese West Africa,غرب أفريقيا البرتغالية,África Occidental Portuguesa,Afrique occidentale portugaise,Portugiesisches Westafrika
Бенин,Benin,بينين,Benín,Bénin,Benin
Дагомея,Dahomey,داهومي,Dahomey,Dahomey (Dahomé),Dahomey
Ботсвана,Botswana,بوتسوانا,Botsuana,Botswana,Botsuana
Бечуаналенд,Bechuanaland,بيتشوانا لاند,Bechuanalandia,Béchouanaland,Betschuanaland
Буркина-Фасо,Burkina Faso,بوركينا فاسو,Burkina Faso,Burkina Faso,Burkina Faso
Верхняя Вольта,Upper Volta,فولتا العليا,Alto Volta,Haute-Volta,Obervolta
Бурунди,Burundi,بوروندي,Burundi,Burundi,Burundi
Габон,Gabon,الغابون,Gabón,Gabon,Gabun
Гамбия,Gambia,غامبيا,Gambia,Gambie,Gambia
Гана,Ghana,غانا,Ghana,Ghana,Ghana
Золотой Берег,Gold Coast,جولد كوست,Costa de Oro,Côte-de-l'Or,Goldküste
Гвинея,Guinea,غينيا,Guinea,Guinée,Guinea
Ривьер дю Сюд,Rivières du Sud (Southern Rivers),غينيا (الأنهار الجنوبية),Rivières du Sud,Rivières du Sud,Rivières du Sud
Гвинея-Бисау,Guinea-Bissau,غينيا بيساو,Guinea-Bissau,Guinée-Bissau,Guinea-Bissau
Португальская Гвинея,Portugese Guinea,غينيا البرتغالية,Guinea Portuguesa,Guinée portugaise,Portugiesisches Guinea
Джибути,Djibouti,جيبوتي,Yibuti,Djibouti,Dschibuti
Французский Берег Сомали,French Somaliland,الصومال الفرنسي,Somalia francesa,Côte française des Somalis,Französische Somaliküste
Египет,Egypt,مصر,Egipto,Égypte,Ägypten
Замбия,Zambia,زامبيا,Zambia,Zambie,Sambia
Северная Родезия,Northern Rhodesia,رودسيا الشمالية,Rodesia del Norte,Rhodésie du Nord,Nordrhodesien
БСАКо,British South Africa Company (BSACo),شركة جنوب إفريقيا البريطانية,BSACo,BSACo,BSACo
Западная Сахара,Western Sahara,الصحراء الغربية,Sahara Occidental,Sahara Occidental,Westsahara
Испанская Сахара,Spanish Sahara,الصحراء الإسبانية,Sáhara Español,Sahara espagnol,Spanisch-Sahara
Рио-до-Оро,Río de Oro,وادي الذهب,Río de Oro,Río de Oro,Río de Oro
Сегиет-эль-Хамра,Saguia el-Hamra,الساقية الحمراء,Saguía el Hamra,Seguia el-Hamra,Saguia el Hamra
Сектор Тарфая (Мыс Хуби),Cape Juby,رأس جوبي,Cabo Juby,Cap Juby,Kap Juby
Зимбабве,Zimbabwe,زمبابوي,Zimbabue,Zimbabwe,Simbabwe
Южная Родезия,Southern Rhodesia,رودسيا الجنوبية,Rodesia del Sur,Rhodésie du Sud,Südrhodesien
Кабо-Верде,Cabo Verde,الرأس الأخضر,Cabo Verde,Cap-Vert,Kap Verde
Острова Зелёного Мыса,,,,,
Камерун,Cameroon,الكاميرون,Camerún,Cameroun,Kamerun
Британский Камерун,British Cameroon,الكاميرون البريطانية,Camerún británico,Cameroun britannique,Britisch-Kamerun
Французский Камерун,French Cameroon,الكاميرون الفرنسي,Camerún francés,Cameroun français,Französisch-Kamerun
Германский Камерун,German Cameroon,الكاميرون الألمانية,Camerún alemán,Cameroun allemand,Deutsch-Kamerun
Кения,Kenya,كينيا,Kenia,Kenya,Kenia
Британская Восточная Африка,British East Africa,شرق أفريقيا البريطاني,África Oriental Británica,Afrique orientale britannique,Britisch-Ostafrika
Коморские острова,Comoros,جزر القمر,Comoras,Comores,Komoren
Конго,Congo [Republic],جمهورية الكونغو,Congo,Congo,Kongo
Демократическая Республика Конго,Congo [DRC],جمهورية الكونغو الديمقراطية,República Democrática del Congo,République démocratique du Congo,Demokratische Republik Kongo
Заир,Zaire,زائير,Zaire,Zaïre,Zaire
Португальское Конго,Portugese Congo,الكونغو البرتغالية,Congo portugués,Congo portugais,Portugiesischer Kongo
Кот-д'Ивуар,Cote d'Ivoire,ساحل العاج,Costa de Marfil,Côte d'Ivoire,Côte d’Ivoire
Берег Слоновой Кости,,,,,Elfenbeinküste
Лесото,Lesotho,ليسوتو,Lesoto,Lesotho,Lesotho
Басутоленд,Basutoland,باسوتولاند,Basutolandia,Basutoland,Basutoland
Либерия,Liberia,ليبيريا,Liberia,Liberia,Liberia
Ливия,Libya,ليبيا,Libia,Libye,Libyen
Маврикий,Mauritius,موريشيوس,Mauricio,Maurice,Mauritius
Британский Маврикий,British Mauritius,موريشيوس البريطانية,Mauricio británico,Maurice britannique,Britisch-Mauritius
Мавритания,Mauritania,موريتانيا,Mauritania,Mauritanie,Mauretanien
Мадагаскар,Madagascar,مدغشقر,Madagascar,Madagascar,Madagaskar
Малагассийская республика,Malagasy Republic,جمهورية ملجاش,República Malgache,République malgache,Republik Malagassi
Французский Мадагаскар,French Madagascar,مدغشقر الفرنسية,Madagascar francés,Madagascar français,Französisch-Madagaskar
Малави,Malawi,ملاوي,Malaui,Malawi,Malawi
Ньясаленд,Nyasaland,نياسالاند,Nyasalandia,Nyassaland,Njassaland
Британская Центральная Африка,British Central Africa,بريطانيا وسط افريقيا,Británico de África Central,Britannique d'Afrique centrale,Britisch-Zentralafrika
Мали,Mali,مالي,Mali,Mali,Mali
Французский Судан,French Sudan,السودان الفرنسي,Sudán francés,Soudan français,Französisch-Sudan
Верхний Сенегал и Нигер,Upper Senegal and Niger,السنغال العليا والنيجر,Alto Senegal y Níger,Haut Sénégal et Niger,Obersenegal und Niger
Марокко,Morocco,المغرب,Marruecos,Maroc,Marokko
Французское Марокко,French Morocco,الحماية الفرنسية في المغرب,Protectorado francés de Marruecos,Maroc Français,Französisch-Marokko
Испанское Марокко,Spanish Morocco,الحماية الإسبانية على المغرب,Protectorado español de Marruecos,Protectorat espagnol au Maroc,Spanisch-Marokko
Международная зона Танжер,Tangier International Zone,منطقة طنجة الدولية,Zona Internacional de Tánger,Zone internationale de Tanger,Internationale Zone von Tanger
Мозамбик,Mozambique,موزمبيق,Mozambique,Mozambique,Mosambik
Португальская Восточная Африка,Portuguese East Africa,شرق أفريقيا البرتغالية,África Oriental Portuguesa,Afrique orientale portugaise,Portugiesisches Ostafrika
Намибия,Namibia,ناميبيا,Namibia,Namibie,Namibia
Юго-Западная Африка,South West Africa (SWA),جنوب غرب أفريقيا,África del Sudoeste,Sud-Ouest africain,Südwestafrika
Германская Юго-Западная Африка,German South West Africa,جنوب غرب أفريقيا الألماني,África del Sudoeste Alemana,Afrique allemande du Sud-Ouest,Deutsch-Südwestafrika
Уолфиш-Бей,Walvis Bay,ولفس باي,Walvis Bay,Walvis Bay,Walfischbucht
Нигер,Niger,النيجر,Níger,Niger,Niger
Нигерия,Nigeria,نيجيريا,Nigeria,Nigeria,Nigeria
Южная Нигерия,Southern Nigeria Protectorate,نيجيريا الجنوبية,Protectorado de Nigeria del Sur,Protectorat du Nigeria du Sud,Protektorat Südnigeria
Протекторат Лагос,Lagos Colony,لاغوس,Colonia Lagos,Colonie de Lagos,Lagos Kronkolonie
Протекторат побережья Нигера,Niger Coast Protectorate (Oil Rivers),ساحل النيجر,Protectorado de la costa de Níger,Protectorat de la Côte du Niger,Nigerküste Protektorat
Северная Нигерия,Northern Nigeria Protectorate,شمال نيجيريا,Protectorado de Nigeria del Norte,Protectorat du Nigeria du Nord,Protektorat Nordnigeria
Королевская Нигерская Компания,Royal Niger Company,شركة النيجر الملكية,Compañía Real del Níger,Compagnie royale du Niger,Royal Niger Company
Руанда,Rwanda,رواندا,Ruanda,Rwanda,Ruanda
Руанда-Урунди,Ruanda-Urundi,رواندا - اوروندی,Ruanda-Urundi,Ruanda-Urundi,Ruanda-Urundi
Сан-Томе и Принсипи,Sao Tome and Principe,ساو تومي وبرينسيبي,Santo Tomé y Príncipe,Sao Tomé-et-Principe,São Tomé und Príncipe
Эсватини,Eswatini,إسواتيني,Esuatini,Eswatini,Eswatini
Свазиленд,Swaziland,سوازيلند,Suazilandia,Swaziland,Swasiland
Сейшельские острова,Seychelles,سيشيل,Seychelles,Seychelles,Seychellen
Сенегал,Senegal,السنغال,Senegal,Sénégal,Senegal
Сомали,Somalia,الصومال,Somalia,Somalie,Somalia
Британское Сомали,British Somaliland,لصومال البريطاني,Somalilandia Británica,Somalie britannique,Britisch-Somaliland
Подопечная территория Сомали,Trust Territory of Somaliland,إقليم الصومال الإيطالي,Territorio en fideicomiso de Somalia,Territoire sous tutelle du Somalie,Italienisches Treuhandgebiet Somalia
Итальянское Сомали,Italian Somaliland,الصومال الإيطالي,Somalia Italiana,Somalie italienne,Italienisch-Somaliland
Итальянская Восточная Африка,Italian East Africa,شرق أفريقيا الإيطالية,África Oriental Italiana,Afrique orientale italienne,Italienisch-Ostafrika
Судан,Sudan,السودان,Sudán,Soudan,Sudan
Южный Судан,South Sudan,جنوب السودان,Sudán del Sur,Soudan du Sud,Südsudan
Англо-Етипетский Судан,Sudan Anglo-Egyptian,السودان الإنجليزي المصري,Sudán anglo-egipcio,Soudan anglo-égyptien,Anglo-Ägyptischer Sudan
Сьерра-Леоне,Sierra Leone,سيراليون,Sierra Leona,Sierra Leone,Sierra Leone
Танзания,Tanzania,تنزانيا,Tanzania,Tanzanie,Tansania
Танганьика,Tanganyika,تنجانيقا,Tangañica,Tanganyika,Tanganjika
Занзибар,Zanzibar,زنجبار,Zanzíbar,Zanzibar,Sansibar
Германская Восточная Африка,German East Africa,شرق أفريقيا الألماني,África Oriental Alemana,Afrique orientale allemande,Deutsch-Ostafrika
Того,Togo,توغو,Togo,Togo,Togo
Британский Тоголенд,British Togoland,توغولاند البريطانية,Togolandia británica,Togoland britannique,Britisch-Togoland
Французский Тоголенд,French Togoland,توغولاند الفرنسي,Togolandia francesa,Togo français,Französisch-Togoland
Тоголенд,Togoland,توغولاند,Togolandia,Togoland,Togoland
Тунис,Tunisia,تونس,Túnez,Tunisie,Tunesien
Уганда,Uganda,أوغندا,Uganda,Ouganda,Uganda
Центральноафриканская республика,Central African Republic,جمهورية إفريقيا الوسطى,República Centroafricana,République centrafricaine,Zentralafrikanische Republik
Убанги-Шари,Ubangi-Shari,أوبانغي - شاري,Ubangui-Chari,Oubangui-Chari,Ubangi-Schari
Чад,Chad,تشاد,Chad,Tchad,Tschad
Экваториальная Гвинея,Equatorial Guinea,غينيا الاستوائية,Guinea Ecuatorial,Guinée Équatoriale,Äquatorialguinea
Испанская Гвинея,Spanish Guinea,غينيا الإسبانية,Guinea Española,Guinée espagnole,Spanisch-Guinea
Рио-Муни,Rio Muni,ريو موني,Río Muni,Río Muni,Rio Muni
Фернандо-По (Биоко),Fernando Po (Bioko),فيرناندو بو (بيوكو),Fernando Pó (Bioko),Fernando Pó (Bioki),Fernando Po (Bioko)
Эритрея,Eritrea,إريتريا,Eritrea,Érythrée,Eritrea
Эфиопия,Ethiopia,إثيوبيا,Etiopía,Éthiopie,Äthiopien
Абиссиния,Abyssinia,الحبشة,Abisinia,Abyssinie,Abessinien
Южно-Африканская республика (ЮАР),South Africa,جنوب أفريقيا,Sudáfrica,Afrique du Sud,Südafrika
Южно-Африканский Союз (ЮАС),Union of South Africa,اتحاد جنوب أفريقيا,Unión Sudafricana,Union d'Afrique du Sud,Südafrikanische Union
Капская колония,Cape Colony,مستعمرة كيب,Colonia del Cabo,Colonie du Cap,Kapkolonie
Наталь,Colony of Natal,مستعمرة ناتال,Colonia de Natal,Colonie du Natal,Kolonie Natal
Южно-Африканская Республика (Трансвааль),South African Republic (Transvaal),جنوب أفريقيا (الترانسفال),República Sudafricana (Transvaal),République sud-africaine (Transvaal),Südafrikanische Republik (Transvaal-Republik)
Оранжевое Свободное Государство (Оранжевая республика),Orange Free State,دولة البرتقال الحرة,Estado Libre de Orange,État libre d'Orange,Oranje-Freistaat
,,,,,
Французская Западная Африка,French West Africa,غرب أفريقيا الفرنسي,África Occidental Francesa,Afrique Occidentale Française (AOF),Französisch-Westafrika
Французская Экваториальная Африка,French Equatorial Africa,أفريقيا الاستوائية الفرنسية,África Ecuatorial Francesa,Afrique Équatoriale Française (AÉF),Französisch-Äquatorialafrika
Федерация Родезии и Ньясаленда,Federation of Rhodesia and Nyasaland,اتحاد رودسيا ونياسالاند,Federación de Rodesia y Nyasalandia,Fédération de Rhodésie et du Nyassaland,Föderation von Rhodesien und Njassaland
,,,,,
,,,,,
Сеута (Исп.),Ceuta (Spain),سبتة (إسبانيا),Ceuta (España),Ceuta (Espagne),Ceuta (Spanien)
Мелилья (Исп.),Melilla (Spain),مليلية (إسبانيا),Melilla (España),Melilla (Espagne),Melilla (Spanien)
о. Святой Елены (Вел.),Saint Helena (UK),سانت هيلينا (بريطانيا),Santa Еlena (Reino Unido),Sainte-Hélène (R.U),St. Helena (GB)
Майотта (Фр.),Mayotte (France),مايوطه (فرنسا),Mayotte (Francia),Mayotte (France),Mayotte (Frankreich)
Реюньон (Фр.),Reunion (France),ريونيون (فرنسا),Reunión (Francia),Réunion (France),Réunion (Frankreich)
,,,,,
Сомалиленд,Somaliland,أرض الصومال,Somalilandia,Somaliland,Somaliland
Пунтленд,Puntland,,Puntland,Pount (Puntland),Puntland
,,,,,
,,,,,
,,,,,
,,,,,
,,,,,
АМЕРИКА,AMERICA,أمريكيتان,AMĖRICA,AMÉRIQUE,AMERIKA
Северная Америка,North America,أمريكا الشمالية,América del Norte,Amérique du Nord,Nordamerika
Антигуа и Барбуда,Antigua and Barbuda,أنتيغوا وبربودا,Antigua y Barbuda,Antigua-et-Barbuda,Antigua und Barbuda
Багамы,Bahamas,جزر الباهاما,Bahamas,Bahamas,Bahamas
Барбадос,Barbados,بربادوس,Barbados,Barbade,Barbados
Белиз,Belize,بيليز,Belice,Belize,Belize
Британский Гондурас,British Honduras,هندوراس البريطانية,Honduras Británica,Honduras britannique,Britisch-Honduras
Гаити,Haiti,هايتي,Haití,Haïti,Haiti
Гватемала,Guatemala,غواتيمالا,Guatemala,Guatemala,Guatemala
Гондурас,Honduras,هندوراس,Honduras,Honduras,Honduras
Гренада,Grenada,غرينادا,Granada,Grenade,Grenada
Доминика,Dominica,دومينيكا,Dominica,Dominique,Dominica
Доминиканская республика,Dominican Republic,جمهورية الدومينيكان,República Dominicana,République dominicaine,Dominikanische Republik
Канада,Canada,كندا,Canadá,Canada,Kanada
Ньюфаундленд,Newfoundland,نيوفندلاند,Dominio de Terranova,Dominion de Terre-Neuve,Dominion Neufundland
Коста-Рика,Costa Rica,كوستاريكا,Costa Rica,Costa Rica,Costa Rica
Куба,Cuba,كوبا,Cuba,Cuba,Kuba
Мексика,Mexico,المكسيك,México,Mexique,Mexiko
Никарагуа,Nicaragua,نيكاراغوا,Nicaragua,Nicaragua,Nicaragua
Панама,Panama,بنما,Panamá,Panama,Panama
Сальвадор,El Salvador,السلفادور,El Salvador,Salvador,El Salvador
Сент-Люсия,Saint Lucia,سانت لوسيا,Santa Lucía,Sainte-Lucie,St. Lucia
Сент-Винсент и Гренадины,Saint Vincent and the Grenadines,سانت فنسنت وجزر غرنادين,San Vicente y las Granadinas,Saint-Vincent-et-les-Grenadines,St. Vincent und die Grenadinen
Сент-Киттс и Невис,Saint Kitts and Nevis,سانت كيتس ونيفيس,San Cristóbal y Nieves,Saint-Christophe-et-Niévès,St. Kitts und Nevis
Сент-Кристофер и Невис,Saint Christopher and Nevis,سانت كريستوفر ونيفيس,San Cristóbal y Nieves,Saint-Christophe-et-Niévès,St. Christopher und Nevis
США,US,الولايات المتحدة,EE. UU.,É.-U.,Vereinigte Staaten von Amerika
Тринидад и Тобаго,Trinidad and Tobago,ترينداد وتوباجو,Trinidad y Tobago,Trinité-et-Tobago,Trinidad und Tobago
Ямайка,Jamaica,جامايكا,Jamaica,Jamaïque,Jamaika
Ангилья (Вел.),Anguilla (UK),أنجويلا (بريطانيا),Anguila (Reino Unido),Anguilla (R.U.),Anguilla (GB)
Антильские Острова (Нид.),Netherlands Antilles,جزر الأنتيل الهولندية (هولندا),Antillas Holandesas,Antilles Néerlandaises,Niederländische Antillen
Аруба (Нид.),Aruba (Neth.),أروبا (هولندا),Aruba (Países Bajos),Aruba (Pays-Bas),Aruba (Niederlande)
Кюрасао (Нид.),Curacao (Neth.),كوراساو (هولندا),Curazao (Países Bajos),Curaçao (Pays-Bas),Curaçao (Niederlande)
Бонайре (Нид.),Bonaire (Neth.),بونير(هولندا),Bonaire (Países Bajos),Bonaire (Pays-Bas),Bonaire (Niederlande)
Сент-Маартен (Нид.),St. Maarten (Neth.),سان مارتن الفرنسية (هولندا),Saint Maarten (Países Bajos),Saint Martin (Pays-Bas),Sint Maarten (Niederlande)
Саба (Нид.),Saba (Neth.),سابا (هولندا),Saba (Países Bajos),Saba (Pays-Bas),Saba (Niederlande)
Сeнт-Эстатиус (Нид.),St. Eustatius (Neth.),سانت اوستاتيوس (هولندا),San Eustaquio (Países Bajos),Saint-Eustache (Pays-Bas),Sint Eustatius (Niederlande)
Бермудские острова (Вел.),Bermudes (UK),جزر برمودا (بريطانيا),Bermudas (Reino Unido),Bermudes (R.U.),Bermuda (GB)
Британские Виргинские острова (Вел.),British Virgin Islands (UK),الجزر العذراء البريطانية,Islas Vìrgenes Británicas (Reino Unido),Îles Vierges britanniques,Britische Jungferninseln
Виргинские острова (США),U.S. Virgin Islands,الجزر العذراء الأمريكية,Islas Vírgenes Estadounidenses (EE. UU.),Îles Vierges des É.-U.,Amerikanische Jungferninseln
Датская Вест-Индия,Danish West Indies (Danish Antilles),الهند الغربية (الدنمارك),Indias Occidentales Danesas (Antillas Danesas),Indes occidentales danoises (Antilles danoises),Dänisch-Westindien (Dänisch-Antillen)
Гваделупа (Фр.),Guadeloupe (France),جزر غوادلوب (فرنسا),Guadalupe (Francia),Guadeloupe (France),Guadeloupe (Frankreich)
Гренландия (Ден.),Greenland (Denmark),غرينلاند (الدنمارك),Groenlandia (Dinamarca),Groenland (Danemark),Grönland (Dänemark)
Каймановы острова (Вел.),Cayman Islands (UK),جزر كايمان (بريطانيا),Islas Caimán (Reino Unido),Îles Caïmans (R.U.),Kaimaninseln (GB)
Мартиника (Фр.),Martinique (France),مارتينيك (فرنسا),Martinica (Francia),Martinique (France),Martinique (Frankreich)
Монтсеррат (Вел.),Montserrat (UK),مونتسرات (بريطانيا),Montserrat (Reino Unido),Montserrat (R.U.),Montserrat (GB)
Британские Наветренные острова,British Windward Islands,جزر ويندوارد البريطانية,Islas de Barlovento Británicas,Îles-du-Vent britanniques,Britisch-Inseln über dem Winde
Британские Подветренные острова,British Leeward Islands,جزر ليوارد البريطانية,Islas de Sotavento Británicas,Îles-sous-le-Vent britanniques,Britisch-Inseln unter dem Winde
Французская Вест-Индия,French West Indies,الأنتيل الفرنسية,Indias Occidentales Francesas (Antillas francesas),Indes occidentales françaises (Antilles françaises),Französisch-Westindien (Französische Antillen)
Пуэрто-Рико (США),Puerto Rico (U.S.),بورتو ريكو (الولايات المتحدة),Puerto Rico (Estado libre asociado EE. UU.),Porto Rico (É.-U.),Puerto Rico (US)
Сен-Мартен (Фр.),Saint Martin (France),سان مارتن الفرنسية (فرنسا),San Martín (Francia),Saint-Martin (France),Saint-Martin (Frankreich)
Сен-Бартелеми (Фр.),Saint Barthelemy (France),سان بارتليمي (فرنسا),San Bartolomé (Francia),Saint-Barthélemy (France),Saint-Barthélemy (Frankreich)
Сен-Пьер и Микелон (Фр.),Saint Pierre and Miquelon (France),سان بيار وميكلون (فرنسا),San Pedro y Miquelón (Francia),Saint-Pierre-et-Miquelon (France),Saint-Pierre und Miquelon (Frankreich)
Теркс и Кайкос (Вел.),Turks and Caicos Islands (UK),جزر تركس وكايكوس (بريطانيا),Islas Turcas y Caicos (Reino Unido),Îles Turques-et-Caïques (R.U.),Turks- und Caicosinseln (GB)
Южная Америка,South America,أمريكا الجنوبية,América del Sur,Amérique du Sud,Südamerika
Аргентина,Argentina,الأرجنتين,Argentina,Argentine,Argentinien
Боливия,Bolivia,بوليفيا,Bolivia,Bolivie,Bolivien
Бразилия,Brazil,البرازيل,Brasil,Brésil,Brasilien
Венесуэла,Venezuela,فنزويلا,Venezuela,Venezuela,Venezuela
Гайана,Guyana,غويانا,Guyana,Guyana,Guyana
Британская Гвиана,British Guiana,غيانا البريطانية,Guayana británica,Guyane britannique,Britisch-Guayana
Колумбия,Colombia,كولومبيا,Colombia,Colombie,Kolumbien
Парагвай,Paraguay,باراغواي,Paraguay,Paraguay,Paraguay
Перу,Peru,بيرو,Perú,Pérou,Peru
Суринам,Suriname,سورينام,Surinam,Suriname,Suriname
Нидерландская Гвиана,Dutch Guiana,الهولندية غيانا,Guyana Neerlandesa,Guyane Néerlandaises,Niederländische Guayana
Уругвай,Uruguay,أوروغواي,Uruguay,Uruguay,Uruguay
Чили,Chile,تشيلي,Chile,Chili,Chile
Эквадор,Ecuador,الإكوادور,Ecuador,Équateur,Ecuador
Автономные и зависимые территории,,,,,
Фолклендские (Мальвинские) острова (Вел.),Falkland islands (UK),جزر فوكلاند (بريطانيا),Islas Malvinas,Îles Malouines (R.U.),Falklandinseln (GB)
Французская Гвиана (Фр.),French Guiana (Fr.),جويانا الفرنسية (فرنسا),Guayana Francesa (Francia),Guyane Française,Französisch-Guayana
Австралия,Australia,أستراليا,Australia,Australie,Australien
Австралия,Australia,أستراليا,Australia,Australie,Australien
Океания,Oceania,أوقيانوسيا,Oceanía,Océanie,Ozeanien
Вануату,Vanuatu,فانواتو,Vanuatu,Vanuatu,Vanuatu
Новые Гебриды,New Hebrides,هيبريدس الجديدة,Nuevas Hébridas,Nouvelles-Hébrides,Neue Hebriden
Кирибати,Kiribati,كيريباس,Kiribati,Kiribati,Kiribati
Острова Гилберта и Эллис,Gilbert and Ellice Islands,جزر غيلبرت,Islas Gilbert y Ellice,Îles Gilbert et Ellice,Gilbert- und Elliceinseln
Маршалловы острова,Marshall Islands,جزر مارشال,Islas Marshall,Îles Marshall,Marshallinseln
Науру,Nauru,ناورو,Nauru,Nauru,Nauru
Новая Зеландия,New Zealand,نيوزيلندا,Nueva Zelanda,Nouvelle-Zélande,Neuseeland
Палау,Palau,بالاو,Palaos,Palaos,Palau
Папуа-Новая Гвинея,Papua New Guinea,بابوا غينيا الجديدة,Papúa Nueva Guinea,Papouasie-Nouvelle-Guinée,Papua-Neuguinea
Новая Гвинея,New Guinea,غينيا الجديدة,Nueva Guinea,Nouvelle-Guinée,Neuguinea
Территория Папуа,Papua Territory,بابوا,Territorio de Papúa,Territoire de Papouasie,Territorium Papua
Германская Новая Гвинея,German New Guinea,غينيا الجديدة الألمانية,Nueva Guinea Alemana,Nouvelle-Guinée allemande,Deutsch-Neuguinea
Нидерландская Новая Гвинея,Netherlands New Guinea,غينيا الجديدة الهولندية,Nueva Guinea Neerlandesa,Nouvelle-Guinée néerlandaise,Niederländisch-Neuguinea
Самоа,Samoa,ساموا,Samoa,Samoa,Samoa
Западное Самоа,Western Samoa,ساموا الغربية,Samoa Occidental,Samoa occidentales,Westsamoa
Германское Самоа,German Samoa,ساموا الألمانية,Samoa alemana,Samoa allemandes,Deutsch-Samoa
Соломоновы острова,Solomon Islands,جزر سليمان,Islas Salomón,Îles Salomon,Salomonen
Тонга,Tonga,تونغا,Tonga,Tonga,Tonga
Тувалу,Tuvalu,توفالو,Tuvalu,Tuvalu,Tuvalu
Острова Эллис,Ellice Islands,جزر إليس,Islas Ellice,Îles Ellice,Elliceinseln
Фиджи,Fiji,فيجي,Fiyi,Fidji,Fidschi
Федеративные Штаты Микронезии,Federated States of Micronesia,ولايات ميكرونيزيا المتحدة,Estados Federados de Micronesia,États fédérés de Micronésie,Föderierte Staaten Mikronesien
Подопечная территория Тихоокеанские острова (США),U.S. Trust Territory of the Pacific Islands,إقليم جزر المحيط الهادئ الاستئماني,Territorio en Fideicomiso de las Islas del Pacífico,Territoire sous tutelle des îles du Pacifique,Treuhandgebiet Pazifische Inseln
Южный Тихоокеанский мандат,South Pacific Mandate,مندوبية جنوب المحيط الهادئ,Mandato del Pacífico Sur,Mandat des îles du Pacifique,Südseemandat
Испанская Ост-Индия,Spanish East Indies,شرق الهند في اسبانيا,Indias Orientales Españolas,Indes orientales espagnoles,Spanisch-Ostindien
Гавайские острова,Hawaii,الجزر الهاوايية,Hawái,Hawaï,Hawaii
Американское Самоа (США),American Samoa (U.S.),ساموا الأمريكية,Samoa Americana (EE. UU.),Samoa Américaines,Amerikanisch-Samoa
Гуам (США),Guam (U.S.),غوام (بريطانيا),Guam (EE. UU.),Guam (É.-U.),Guam (US)
Острова Кука (Н.Зел.),Cook Islands (N.Z.),جزر كوك (نيوزيلندا),Islas Cook (Nueva Zelanda),Îles Cook (Nouvelle-Zélande),Cookinseln (Neuseeland)
Ниуэ (Н.Зел.),Niue (N.Z.),نييوي (نيوزيلندا),Niue (Nueva Zelanda),Nioué (Nouvelle-Zélande),Niue (Neuseeland)
Новая Каледония (Фр.),New Caledonia (France),كاليدونيا الجديدة (فرنسا),Nueva Caledonia (Francia),Nouvelle-Calédonie (France),Neukaledonien (Frankreich)
Питкэрн (Вел.),Pitcairn Islands (UK),جزر بيتكيرن (بريطانيا),Islas Pitcairn (Reino Unido),Îles Pitcairn (R.U.),Pitcairninseln (GB)
Северные Марианские острова (США),Northern Mariana Islands (U.S.),جزر ماريانا الشمالية (الولايات المتحدة),Islas Marianas del Norte (EE. UU.),Îles Mariannes du Nord (É.-U.),Nördliche Marianen (US)
Токелау (Н.Зел.),Tokelau (N.Z.),توكلو (نيوزيلاندا),Tokelau (Nueva Zelanda),Tokelau (Nouvelle-Zélande),Tokelau (Neuseeland)
Уоллис и Футуна (Фр.),Wallis and Futuna (France),والس وفوتونا (فرنسا),Wallis y Fortuna (Francia),Wallis-et-Futuna (France),Wallis und Futuna (Frankreich)
Французская Полинезия (Фр.),French Polynesia (France),بولينزيا الفرنسية (فرنسا),Polinesia Francesa (Francia),Polynésie Française,Französisch-Polynesien
о. Бейкер (США),Baker Island (U.S.),جزيرة بيكر (الولايات المتحدة),Isla Baker (EE. UU.),Île Baker (É.-U.),Bakerinsel (US)
о. Хауленд (США),Howland Island (U.S.),جزيرة هاولاند (الولايات المتحدة),Isla Howland (EE. UU.),Île Howland (É.-U.),Howlandinsel (US)
о. Джарвис (США),Jarvis Island (U.S.),جزيرة جارفيس (الولايات المتحدة),Isla Jarvis (EE. UU.),Île Jarvis (É.-U.),Jarvisinsel (US)
атолл Мидуэй (США),Midway Islands (U.S.),في منتصف الطريق أتول (الولايات المتحدة),Islas Midway (EE. UU.),Îles Midway (É.-U.),Midway-Atoll (US)
о. Уэйк (США),Wake Island (U.S.),جزيرة ويك (الولايات المتحدة),Isla Wake (EE. UU.),Île Wake (É.-U.),Wake (US)
о. Норфолк (Австралия),Norfolk Island (Australia),نورفولك (أستراليا),Isla Norfolk (Australia),Île Norfolk (Australie),Norfolkinsel (Australien)
о-ва Кораллового моря (Австралия),Coral Sea Islands (Australia),,,,Korallenmeerinseln (Australien)
о-ва Рождества (Австралия),Christmas Island (Australia),جزيرة عيد الميلاد (أستراليا),Isla de Navidad (Australia),Île Christmas (Australie),Weihnachtsinsel (Australien)
о-ва Кокосовые (Килинг) (Австралия),Cocos (Keeling) Islands (Australia),جزر كوكس (أستراليا),Islas Cocos (Australia),Îles Cocos (Australie),Kokosinseln (Australien)
о-ва Херд и Макдональд (Австралия),Heard Island & McDonald Islands (Australia),جزيرة هيرد وجزر ماكدونالد (أستراليا),Islas Heard y McDonald (Australia),Îles Heard-et-MacDonald (Australie),Heard und McDonaldinseln (Australien)
о. Пасхи (Чили),Easter Island (Chile),جزيرة القيامة (تشيلي),Isla de Pascua (Chile),Île de Pâques (Chili),Osterinsel (Chile)
Гуантанамо (США),Guantanamo U.S. Naval Base,قاعدة غوانتانامو (الولايات المتحدة),Guantanamo (EE. UU.),Guantanamo (É.-U.),Guantanamo Bay Naval Base (US)
Антарктика,Antarctica,أنتاركتيكا,Antártida,Antarctique,Antarktis
Южная Георгия (Вел.),South Georgia (U.K.),جورجيا الجنوبية (بريطانيا),Islas Georgias del Sur (Reino Unido),Géorgie du Sud (R.U.),Südgeorgien (GB)
Южные Сандвичевы острова (Вел.),South Sandwich Islands (U.K.),جزر ساندويتش الجنوبية (بريطانيا),Sandwich del Sur (Reino Unido),Îles Sandwich du Sud (R.U.),Südliche Sandwichinseln (GB)
о-ва Принц-Эдуард (ЮАР),Prince Edward Islands (South Africa),جزر الأمير إدوارد (جنوب أفريقيا),Islas del Príncipe Eduardo (Sudáfrica),Archipel du Prince-Édouard (Afrique du Sud),Prinz-Edward-Inseln (Südafrika)
о. Буве (Норвегия),Bouvet Island (Norway),جزيرة بوفيه (النرويج),Isla Bouvet (Noruega),Île Bouvet (Norvège),Bouvetinsel (Norwegen)
Британская территория в Индийском океане (Вел.),British Indian Ocean Territory,إقليم المحيط الهندي البريطاني (بريطانيا),Territorio Británico del Océano Índico,Territoire britannique de l'océan Indien,Britisches Territorium im Indischen Ozean
Французские Южные и Антарктические территории,French Southern and Antarctic Lands,أراضٍ فرنسية جنوبية وأنتارتيكية,Tierras Australes y Antárticas Francesas,Terres australes et antarctiques françaises,Französische Süd- und Antarktisgebiete
о-ва Глорьёз (Фр.),Glorioso Islands (France),جزر جلوريوسو (فرنسا),Islas Gloriosas (Francia),Îles Glorieuses (France),Îles Glorieuses (Frankreich)
о. Хуан-де-Нова (Фр.),Juan De Nova Island (France),كل خوان نافا (فرنسا),Isla Juan de Nova (Francia),Île Juan de Nova (France),Juan de Nova (Frankreich)
Парасельские о-ва (спорная территория),Paracel Islands (disputed),باراسيل جزر,Islas Paracelso (disputado),Îles Paracels (contesté),Paracel-Inseln (umstritten)
о-ва Спратли (спорная территория),Spratly Islands (disputed),جزر سبراتلي,Islas Spratly (disputado),Îles Spratleys (contesté),Spratly-Inseln (umstritten)
риф Скарборо (спорная территория),Scarborough Reef (disputed),سكاربورو,Arrecife Scarborough (disputado),Récif de Scarborough (contesté),Scarborough-Riff (umstritten)
о. Ян-Майен (Норвегия),Jan Mayen (Norway),جان ماين (النرويج),Jan Mayen (Noruega),Île Jan Mayen (Norvège),Jan Mayen (Norwegen)
Гернси (Вел.),Guernsey (UK),جيرنزي (بريطانيا),Guernsey (Reino Unido),Guernesey (R.U.),Guernsey (GB)
остров Мэн (Вел.),Isle of Man (UK),جزيرة مان (بريطانيا),Isla de Man (Reino Unido),Île de Man (R.U.),Insel Man (GB)
Джерси (Вел.),Jersey (UK),جيرزي (بريطانيا),Jersey (Reino Unido),Jersey (R.U.),Jersey (GB)
о-ва Ашмор и Картье (Австралия),Ashmore and Cartier islands (Australia),جزر أشمور وكارتيير (الولايات المتحدة),Islas Ashmore y Cartier (Australia),Îles Ashmore-et-Cartier (Australie),Ashmore- und Cartierinseln (Australien)
о-ва Бассас-да-Индия (Фр.),Bassas da India,не переведено,Bassas da India (Francia),Bassas da India (France),Bassas da India (Frankreich)
о. Клиппертон (Фр.),Clipperton island (France),جزيرة كليبرتون (فرنسا),Isla Clipperton (Francia),Île de Clipperton (France),Clipperton-Insel (Frankreich)
о. Европа (Фр.),Europa island (France),جزيرة يوروبا (فرنسا),Isla Europa (Francia),Île Europa (France),Europa-Insel (Frankreich)
о. Тромлён (Фр.),Tromelin island (France),جزيرة تروملين (فرنسا),Isla Tromelin (Francia),Île Tromelin (France),Tromelin (Frankreich)
треугольник Илеми (спорная территория),Ilemi Triangle (disputed),,Triángulo de Ilemi (disputado),Triangle d'Ilemi (contesté),Ilemi-Dreieck (umstritten)
атолл Джонстон (США),Johnston Atoll (U.S.),جزيرة جونستون المرجانية (الولايات المتحدة),Atolón Johnston (EE. UU.),Atoll Johnston (É.-U.),Johnston-Atoll (US)
о. Навасса (США),Navassa Island (U.S.),جزيرة نافاسا (الولايات المتحدة),Isla de Navaza (EE. UU.),Île de la Navasse (É.-U.),Navassa (US)
атолл Пальмира (США),Palmyra Atoll (U.S.),جزر بالميرا المرجانية (الولايات المتحدة),Atolón Palmyra (EE. UU.),Atoll Palmyra (É.-U.),Palmyra-Atoll (US)
о-ва Лианкур,Liancourt Rocks,صخور ليانكورت,rocas de Liancourt,rochers Liancourt,Liancourt-Felsen
о-ва Пратас (Дунша),Pratas (Dongsha) Islands,جزيرة براتاس,Islas Pratas (Dongsha),Iles Pratas (Dongsha),Pratas (Dongsha)-Inseln
Diamond Princess,Diamond Princess,,Diamond Princess,Diamond Princess,Diamond Princess
Zaandam,MS Zaandam,,Zaandam,Zaandam,Zaandam